datetime,cumulative_balance
2020-01-01 00:00:00,23649
2020-01-01 01:00:00,29999
2020-01-01 02:00:00,34257
2020-01-01 03:00:00,37266
2020-01-01 04:00:00,39573
2020-01-01 05:00:00,43199
2020-01-01 06:00:00,48484
2020-01-01 07:00:00,40601
2020-01-01 08:00:00,25686
2020-01-01 09:00:00,10467
2020-01-01 10:00:00,-2216
2020-01-01 11:00:00,-12852
2020-01-01 12:00:00,-20132
2020-01-01 13:00:00,-25245
2020-01-01 14:00:00,-27945
2020-01-01 15:00:00,-30775
2020-01-01 16:00:00,-34426
2020-01-01 17:00:00,-38437
2020-01-01 18:00:00,-45745
2020-01-01 19:00:00,-49374
2020-01-01 20:00:00,-47814
2020-01-01 21:00:00,-42205
2020-01-01 22:00:00,-35367
2020-01-01 23:00:00,-28970
2020-01-02 00:00:00,-24658
2020-01-02 01:00:00,-22173
2020-01-02 02:00:00,-20051
2020-01-02 03:00:00,-18458
2020-01-02 04:00:00,-16930
2020-01-02 05:00:00,-14631
2020-01-02 06:00:00,-8464
2020-01-02 07:00:00,-5974
2020-01-02 08:00:00,-9398
2020-01-02 09:00:00,-17386
2020-01-02 10:00:00,-26870
2020-01-02 11:00:00,-36184
2020-01-02 12:00:00,-43805
2020-01-02 13:00:00,-49705
2020-01-02 14:00:00,-55078
2020-01-02 15:00:00,-60938
2020-01-02 16:00:00,-68528
2020-01-02 17:00:00,-79027
2020-01-02 18:00:00,-95357
2020-01-02 19:00:00,-105754
2020-01-02 20:00:00,-104308
2020-01-02 21:00:00,-97999
2020-01-02 22:00:00,-90388
2020-01-02 23:00:00,-85475
2020-01-03 00:00:00,-82450
2020-01-03 01:00:00,-81196
2020-01-03 02:00:00,-80286
2020-01-03 03:00:00,-79381
2020-01-03 04:00:00,-78179
2020-01-03 05:00:00,-75725
2020-01-03 06:00:00,-69092
2020-01-03 07:00:00,-69057
2020-01-03 08:00:00,-78439
2020-01-03 09:00:00,-90796
2020-01-03 10:00:00,-103085
2020-01-03 11:00:00,-113716
2020-01-03 12:00:00,-121370
2020-01-03 13:00:00,-127259
2020-01-03 14:00:00,-133139
2020-01-03 15:00:00,-139083
2020-01-03 16:00:00,-147282
2020-01-03 17:00:00,-158382
2020-01-03 18:00:00,-176436
2020-01-03 19:00:00,-188911
2020-01-03 20:00:00,-189556
2020-01-03 21:00:00,-183296
2020-01-03 22:00:00,-176082
2020-01-03 23:00:00,-170827
2020-01-04 00:00:00,-167396
2020-01-04 01:00:00,-166000
2020-01-04 02:00:00,-164973
2020-01-04 03:00:00,-163984
2020-01-04 04:00:00,-162732
2020-01-04 05:00:00,-160182
2020-01-04 06:00:00,-153774
2020-01-04 07:00:00,-143664
2020-01-04 08:00:00,-120615
2020-01-04 09:00:00,-98064
2020-01-04 10:00:00,-76695
2020-01-04 11:00:00,-56463
2020-01-04 12:00:00,-36935
2020-01-04 13:00:00,-18156
2020-01-04 14:00:00,701
2020-01-04 15:00:00,-46048
2020-01-04 16:00:00,-126503
2020-01-04 17:00:00,-197347
2020-01-04 18:00:00,-217050
2020-01-04 19:00:00,-232677
2020-01-04 20:00:00,-236775
2020-01-04 21:00:00,-232411
2020-01-04 22:00:00,-225788
2020-01-04 23:00:00,-220704
2020-01-05 00:00:00,-217726
2020-01-05 01:00:00,-216188
2020-01-05 02:00:00,-215082
2020-01-05 03:00:00,-214122
2020-01-05 04:00:00,-212955
2020-01-05 05:00:00,-210496
2020-01-05 06:00:00,-204771
2020-01-05 07:00:00,-204373
2020-01-05 08:00:00,-210202
2020-01-05 09:00:00,-218157
2020-01-05 10:00:00,-225818
2020-01-05 11:00:00,-232492
2020-01-05 12:00:00,-239441
2020-01-05 13:00:00,-245193
2020-01-05 14:00:00,-251074
2020-01-05 15:00:00,-257957
2020-01-05 16:00:00,-265928
2020-01-05 17:00:00,-276770
2020-01-05 18:00:00,-291984
2020-01-05 19:00:00,-304161
2020-01-05 20:00:00,-305727
2020-01-05 21:00:00,-300149
2020-01-05 22:00:00,-292949
2020-01-05 23:00:00,-288156
2020-01-06 00:00:00,-285477
2020-01-06 01:00:00,-284141
2020-01-06 02:00:00,-283318
2020-01-06 03:00:00,-282396
2020-01-06 04:00:00,-281164
2020-01-06 05:00:00,-278227
2020-01-06 06:00:00,-272724
2020-01-06 07:00:00,-276094
2020-01-06 08:00:00,-286784
2020-01-06 09:00:00,-300818
2020-01-06 10:00:00,-320293
2020-01-06 11:00:00,-330830
2020-01-06 12:00:00,-339375
2020-01-06 13:00:00,-346388
2020-01-06 14:00:00,-352314
2020-01-06 15:00:00,-359625
2020-01-06 16:00:00,-390137
2020-01-06 17:00:00,-418821
2020-01-06 18:00:00,-438962
2020-01-06 19:00:00,-453444
2020-01-06 20:00:00,-454582
2020-01-06 21:00:00,-447779
2020-01-06 22:00:00,-441187
2020-01-06 23:00:00,-437161
2020-01-07 00:00:00,-434873
2020-01-07 01:00:00,-433799
2020-01-07 02:00:00,-432849
2020-01-07 03:00:00,-431966
2020-01-07 04:00:00,-430744
2020-01-07 05:00:00,-427508
2020-01-07 06:00:00,-422306
2020-01-07 07:00:00,-427298
2020-01-07 08:00:00,-439389
2020-01-07 09:00:00,-453198
2020-01-07 10:00:00,-466433
2020-01-07 11:00:00,-476380
2020-01-07 12:00:00,-484706
2020-01-07 13:00:00,-491516
2020-01-07 14:00:00,-498304
2020-01-07 15:00:00,-507115
2020-01-07 16:00:00,-518714
2020-01-07 17:00:00,-532912
2020-01-07 18:00:00,-553768
2020-01-07 19:00:00,-568392
2020-01-07 20:00:00,-571167
2020-01-07 21:00:00,-565304
2020-01-07 22:00:00,-557776
2020-01-07 23:00:00,-553225
2020-01-08 00:00:00,-550797
2020-01-08 01:00:00,-549637
2020-01-08 02:00:00,-548692
2020-01-08 03:00:00,-547849
2020-01-08 04:00:00,-546560
2020-01-08 05:00:00,-543313
2020-01-08 06:00:00,-538119
2020-01-08 07:00:00,-542460
2020-01-08 08:00:00,-553776
2020-01-08 09:00:00,-565732
2020-01-08 10:00:00,-577368
2020-01-08 11:00:00,-586411
2020-01-08 12:00:00,-593941
2020-01-08 13:00:00,-600462
2020-01-08 14:00:00,-606505
2020-01-08 15:00:00,-613768
2020-01-08 16:00:00,-623873
2020-01-08 17:00:00,-637505
2020-01-08 18:00:00,-657293
2020-01-08 19:00:00,-672284
2020-01-08 20:00:00,-674084
2020-01-08 21:00:00,-667892
2020-01-08 22:00:00,-660349
2020-01-08 23:00:00,-655873
2020-01-09 00:00:00,-654967
2020-01-09 01:00:00,-654460
2020-01-09 02:00:00,-653286
2020-01-09 03:00:00,-652237
2020-01-09 04:00:00,-650833
2020-01-09 05:00:00,-647574
2020-01-09 06:00:00,-641901
2020-01-09 07:00:00,-645407
2020-01-09 08:00:00,-653801
2020-01-09 09:00:00,-663728
2020-01-09 10:00:00,-673148
2020-01-09 11:00:00,-682111
2020-01-09 12:00:00,-684546
2020-01-09 13:00:00,-692437
2020-01-09 14:00:00,-698443
2020-01-09 15:00:00,-706675
2020-01-09 16:00:00,-717848
2020-01-09 17:00:00,-731046
2020-01-09 18:00:00,-749983
2020-01-09 19:00:00,-764120
2020-01-09 20:00:00,-766020
2020-01-09 21:00:00,-759162
2020-01-09 22:00:00,-751859
2020-01-09 23:00:00,-746867
2020-01-10 00:00:00,-743921
2020-01-10 01:00:00,-742566
2020-01-10 02:00:00,-741629
2020-01-10 03:00:00,-740639
2020-01-10 04:00:00,-739262
2020-01-10 05:00:00,-735757
2020-01-10 06:00:00,-730179
2020-01-10 07:00:00,-734712
2020-01-10 08:00:00,-744908
2020-01-10 09:00:00,-756196
2020-01-10 10:00:00,-766459
2020-01-10 11:00:00,-774858
2020-01-10 12:00:00,-781595
2020-01-10 13:00:00,-787437
2020-01-10 14:00:00,-794675
2020-01-10 15:00:00,-802575
2020-01-10 16:00:00,-812787
2020-01-10 17:00:00,-826531
2020-01-10 18:00:00,-845356
2020-01-10 19:00:00,-859605
2020-01-10 20:00:00,-861321
2020-01-10 21:00:00,-856239
2020-01-10 22:00:00,-848861
2020-01-10 23:00:00,-843443
2020-01-11 00:00:00,-840140
2020-01-11 01:00:00,-838568
2020-01-11 02:00:00,-837341
2020-01-11 03:00:00,-836242
2020-01-11 04:00:00,-834773
2020-01-11 05:00:00,-831572
2020-01-11 06:00:00,-825329
2020-01-11 07:00:00,-826862
2020-01-11 08:00:00,-835386
2020-01-11 09:00:00,-846108
2020-01-11 10:00:00,-856599
2020-01-11 11:00:00,-864423
2020-01-11 12:00:00,-871359
2020-01-11 13:00:00,-877166
2020-01-11 14:00:00,-882937
2020-01-11 15:00:00,-889120
2020-01-11 16:00:00,-896756
2020-01-11 17:00:00,-908358
2020-01-11 18:00:00,-926008
2020-01-11 19:00:00,-940808
2020-01-11 20:00:00,-945398
2020-01-11 21:00:00,-941288
2020-01-11 22:00:00,-934354
2020-01-11 23:00:00,-928771
2020-01-12 00:00:00,-925178
2020-01-12 01:00:00,-923403
2020-01-12 02:00:00,-921993
2020-01-12 03:00:00,-920963
2020-01-12 04:00:00,-919755
2020-01-12 05:00:00,-916731
2020-01-12 06:00:00,-910233
2020-01-12 07:00:00,-909698
2020-01-12 08:00:00,-914775
2020-01-12 09:00:00,-922154
2020-01-12 10:00:00,-929088
2020-01-12 11:00:00,-935366
2020-01-12 12:00:00,-940829
2020-01-12 13:00:00,-945753
2020-01-12 14:00:00,-951366
2020-01-12 15:00:00,-956545
2020-01-12 16:00:00,-962898
2020-01-12 17:00:00,-970873
2020-01-12 18:00:00,-984918
2020-01-12 19:00:00,-996664
2020-01-12 20:00:00,-997094
2020-01-12 21:00:00,-990314
2020-01-12 22:00:00,-982892
2020-01-12 23:00:00,-977591
2020-01-13 00:00:00,-974761
2020-01-13 01:00:00,-973265
2020-01-13 02:00:00,-972318
2020-01-13 03:00:00,-971468
2020-01-13 04:00:00,-970120
2020-01-13 05:00:00,-967079
2020-01-13 06:00:00,-962076
2020-01-13 07:00:00,-966166
2020-01-13 08:00:00,-977694
2020-01-13 09:00:00,-991776
2020-01-13 10:00:00,-1004677
2020-01-13 11:00:00,-1014288
2020-01-13 12:00:00,-1022663
2020-01-13 13:00:00,-1028964
2020-01-13 14:00:00,-1033976
2020-01-13 15:00:00,-1040542
2020-01-13 16:00:00,-1049216
2020-01-13 17:00:00,-1061364
2020-01-13 18:00:00,-1079143
2020-01-13 19:00:00,-1093486
2020-01-13 20:00:00,-1095131
2020-01-13 21:00:00,-1089401
2020-01-13 22:00:00,-1082406
2020-01-13 23:00:00,-1077769
2020-01-14 00:00:00,-1075176
2020-01-14 01:00:00,-1073946
2020-01-14 02:00:00,-1073036
2020-01-14 03:00:00,-1072099
2020-01-14 04:00:00,-1070662
2020-01-14 05:00:00,-1067204
2020-01-14 06:00:00,-1061970
2020-01-14 07:00:00,-1066833
2020-01-14 08:00:00,-1078097
2020-01-14 09:00:00,-1090850
2020-01-14 10:00:00,-1102092
2020-01-14 11:00:00,-1110819
2020-01-14 12:00:00,-1117372
2020-01-14 13:00:00,-1123171
2020-01-14 14:00:00,-1128943
2020-01-14 15:00:00,-1135804
2020-01-14 16:00:00,-1145192
2020-01-14 17:00:00,-1158180
2020-01-14 18:00:00,-1176509
2020-01-14 19:00:00,-1191654
2020-01-14 20:00:00,-1193731
2020-01-14 21:00:00,-1187874
2020-01-14 22:00:00,-1180814
2020-01-14 23:00:00,-1177037
2020-01-15 00:00:00,-1174675
2020-01-15 01:00:00,-1173670
2020-01-15 02:00:00,-1172844
2020-01-15 03:00:00,-1171947
2020-01-15 04:00:00,-1170610
2020-01-15 05:00:00,-1167279
2020-01-15 06:00:00,-1162411
2020-01-15 07:00:00,-1168567
2020-01-15 08:00:00,-1198979
2020-01-15 09:00:00,-1198641
2020-01-15 10:00:00,-1203089
2020-01-15 11:00:00,-1207257
2020-01-15 12:00:00,-1210643
2020-01-15 13:00:00,-1213853
2020-01-15 14:00:00,-1217541
2020-01-15 15:00:00,-1221799
2020-01-15 16:00:00,-1228340
2020-01-15 17:00:00,-1237899
2020-01-15 18:00:00,-1252631
2020-01-15 19:00:00,-1264596
2020-01-15 20:00:00,-1263314
2020-01-15 21:00:00,-1255220
2020-01-15 22:00:00,-1247163
2020-01-15 23:00:00,-1242077
2020-01-16 00:00:00,-1239414
2020-01-16 01:00:00,-1238105
2020-01-16 02:00:00,-1237113
2020-01-16 03:00:00,-1236042
2020-01-16 04:00:00,-1234557
2020-01-16 05:00:00,-1231003
2020-01-16 06:00:00,-1224627
2020-01-16 07:00:00,-1226769
2020-01-16 08:00:00,-1233138
2020-01-16 09:00:00,-1241206
2020-01-16 10:00:00,-1249501
2020-01-16 11:00:00,-1256436
2020-01-16 12:00:00,-1261715
2020-01-16 13:00:00,-1266592
2020-01-16 14:00:00,-1270324
2020-01-16 15:00:00,-1275773
2020-01-16 16:00:00,-1283423
2020-01-16 17:00:00,-1294635
2020-01-16 18:00:00,-1311360
2020-01-16 19:00:00,-1322295
2020-01-16 20:00:00,-1322570
2020-01-16 21:00:00,-1316522
2020-01-16 22:00:00,-1309731
2020-01-16 23:00:00,-1305683
2020-01-17 00:00:00,-1303264
2020-01-17 01:00:00,-1301975
2020-01-17 02:00:00,-1301018
2020-01-17 03:00:00,-1300055
2020-01-17 04:00:00,-1298584
2020-01-17 05:00:00,-1295300
2020-01-17 06:00:00,-1289547
2020-01-17 07:00:00,-1292464
2020-01-17 08:00:00,-1300932
2020-01-17 09:00:00,-1310615
2020-01-17 10:00:00,-1319382
2020-01-17 11:00:00,-1326501
2020-01-17 12:00:00,-1331482
2020-01-17 13:00:00,-1336697
2020-01-17 14:00:00,-1341502
2020-01-17 15:00:00,-1348210
2020-01-17 16:00:00,-1357740
2020-01-17 17:00:00,-1368472
2020-01-17 18:00:00,-1382885
2020-01-17 19:00:00,-1419750
2020-01-17 20:00:00,-1445149
2020-01-17 21:00:00,-1440000
2020-01-17 22:00:00,-1427438
2020-01-17 23:00:00,-1421390
2020-01-18 00:00:00,-1418054
2020-01-18 01:00:00,-1416081
2020-01-18 02:00:00,-1414573
2020-01-18 03:00:00,-1413020
2020-01-18 04:00:00,-1411082
2020-01-18 05:00:00,-1406506
2020-01-18 06:00:00,-1396516
2020-01-18 07:00:00,-1395318
2020-01-18 08:00:00,-1401726
2020-01-18 09:00:00,-1410253
2020-01-18 10:00:00,-1417978
2020-01-18 11:00:00,-1424136
2020-01-18 12:00:00,-1419414
2020-01-18 13:00:00,-1414275
2020-01-18 14:00:00,-1410444
2020-01-18 15:00:00,-1415661
2020-01-18 16:00:00,-1423730
2020-01-18 17:00:00,-1434511
2020-01-18 18:00:00,-1450645
2020-01-18 19:00:00,-1465429
2020-01-18 20:00:00,-1468987
2020-01-18 21:00:00,-1465095
2020-01-18 22:00:00,-1458916
2020-01-18 23:00:00,-1453820
2020-01-19 00:00:00,-1450547
2020-01-19 01:00:00,-1448877
2020-01-19 02:00:00,-1447470
2020-01-19 03:00:00,-1446323
2020-01-19 04:00:00,-1445090
2020-01-19 05:00:00,-1441868
2020-01-19 06:00:00,-1434319
2020-01-19 07:00:00,-1433068
2020-01-19 08:00:00,-1437180
2020-01-19 09:00:00,-1443051
2020-01-19 10:00:00,-1448353
2020-01-19 11:00:00,-1453417
2020-01-19 12:00:00,-1457762
2020-01-19 13:00:00,-1461786
2020-01-19 14:00:00,-1464700
2020-01-19 15:00:00,-1470068
2020-01-19 16:00:00,-1475597
2020-01-19 17:00:00,-1483882
2020-01-19 18:00:00,-1495443
2020-01-19 19:00:00,-1506061
2020-01-19 20:00:00,-1507054
2020-01-19 21:00:00,-1501333
2020-01-19 22:00:00,-1494656
2020-01-19 23:00:00,-1490162
2020-01-20 00:00:00,-1487494
2020-01-20 01:00:00,-1486157
2020-01-20 02:00:00,-1485166
2020-01-20 03:00:00,-1484124
2020-01-20 04:00:00,-1482826
2020-01-20 05:00:00,-1479635
2020-01-20 06:00:00,-1473845
2020-01-20 07:00:00,-1476476
2020-01-20 08:00:00,-1486103
2020-01-20 09:00:00,-1497660
2020-01-20 10:00:00,-1509035
2020-01-20 11:00:00,-1517954
2020-01-20 12:00:00,-1524916
2020-01-20 13:00:00,-1529912
2020-01-20 14:00:00,-1534603
2020-01-20 15:00:00,-1539777
2020-01-20 16:00:00,-1547978
2020-01-20 17:00:00,-1559648
2020-01-20 18:00:00,-1575839
2020-01-20 19:00:00,-1587340
2020-01-20 20:00:00,-1586731
2020-01-20 21:00:00,-1580347
2020-01-20 22:00:00,-1573733
2020-01-20 23:00:00,-1569799
2020-01-21 00:00:00,-1567119
2020-01-21 01:00:00,-1565891
2020-01-21 02:00:00,-1565031
2020-01-21 03:00:00,-1564103
2020-01-21 04:00:00,-1562764
2020-01-21 05:00:00,-1559640
2020-01-21 06:00:00,-1553753
2020-01-21 07:00:00,-1556653
2020-01-21 08:00:00,-1566040
2020-01-21 09:00:00,-1570290
2020-01-21 10:00:00,-1579513
2020-01-21 11:00:00,-1588601
2020-01-21 12:00:00,-1595977
2020-01-21 13:00:00,-1601873
2020-01-21 14:00:00,-1606828
2020-01-21 15:00:00,-1613803
2020-01-21 16:00:00,-1622704
2020-01-21 17:00:00,-1634306
2020-01-21 18:00:00,-1652013
2020-01-21 19:00:00,-1665676
2020-01-21 20:00:00,-1667201
2020-01-21 21:00:00,-1661024
2020-01-21 22:00:00,-1654090
2020-01-21 23:00:00,-1649524
2020-01-22 00:00:00,-1646890
2020-01-22 01:00:00,-1645667
2020-01-22 02:00:00,-1644694
2020-01-22 03:00:00,-1643739
2020-01-22 04:00:00,-1642315
2020-01-22 05:00:00,-1637338
2020-01-22 06:00:00,-1626368
2020-01-22 07:00:00,-1618948
2020-01-22 08:00:00,-1615505
2020-01-22 09:00:00,-1613765
2020-01-22 10:00:00,-1627717
2020-01-22 11:00:00,-1638187
2020-01-22 12:00:00,-1646104
2020-01-22 13:00:00,-1652750
2020-01-22 14:00:00,-1658535
2020-01-22 15:00:00,-1665129
2020-01-22 16:00:00,-1673969
2020-01-22 17:00:00,-1685390
2020-01-22 18:00:00,-1702326
2020-01-22 19:00:00,-1716735
2020-01-22 20:00:00,-1718342
2020-01-22 21:00:00,-1711955
2020-01-22 22:00:00,-1705290
2020-01-22 23:00:00,-1700676
2020-01-23 00:00:00,-1698183
2020-01-23 01:00:00,-1696989
2020-01-23 02:00:00,-1696083
2020-01-23 03:00:00,-1695150
2020-01-23 04:00:00,-1693800
2020-01-23 05:00:00,-1690552
2020-01-23 06:00:00,-1685313
2020-01-23 07:00:00,-1689284
2020-01-23 08:00:00,-1697221
2020-01-23 09:00:00,-1707226
2020-01-23 10:00:00,-1717476
2020-01-23 11:00:00,-1726159
2020-01-23 12:00:00,-1733230
2020-01-23 13:00:00,-1738916
2020-01-23 14:00:00,-1743664
2020-01-23 15:00:00,-1750240
2020-01-23 16:00:00,-1758948
2020-01-23 17:00:00,-1770505
2020-01-23 18:00:00,-1787094
2020-01-23 19:00:00,-1802499
2020-01-23 20:00:00,-1805717
2020-01-23 21:00:00,-1800668
2020-01-23 22:00:00,-1794316
2020-01-23 23:00:00,-1789851
2020-01-24 00:00:00,-1786986
2020-01-24 01:00:00,-1785602
2020-01-24 02:00:00,-1784615
2020-01-24 03:00:00,-1783620
2020-01-24 04:00:00,-1782253
2020-01-24 05:00:00,-1779219
2020-01-24 06:00:00,-1773956
2020-01-24 07:00:00,-1777973
2020-01-24 08:00:00,-1788204
2020-01-24 09:00:00,-1799328
2020-01-24 10:00:00,-1809488
2020-01-24 11:00:00,-1817617
2020-01-24 12:00:00,-1823557
2020-01-24 13:00:00,-1828681
2020-01-24 14:00:00,-1834445
2020-01-24 15:00:00,-1841227
2020-01-24 16:00:00,-1849977
2020-01-24 17:00:00,-1862344
2020-01-24 18:00:00,-1879217
2020-01-24 19:00:00,-1896240
2020-01-24 20:00:00,-1900435
2020-01-24 21:00:00,-1896284
2020-01-24 22:00:00,-1889743
2020-01-24 23:00:00,-1884859
2020-01-25 00:00:00,-1882080
2020-01-25 01:00:00,-1880611
2020-01-25 02:00:00,-1879544
2020-01-25 03:00:00,-1878703
2020-01-25 04:00:00,-1877414
2020-01-25 05:00:00,-1874564
2020-01-25 06:00:00,-1868887
2020-01-25 07:00:00,-1870464
2020-01-25 08:00:00,-1879897
2020-01-25 09:00:00,-1891222
2020-01-25 10:00:00,-1902243
2020-01-25 11:00:00,-1912176
2020-01-25 12:00:00,-1921253
2020-01-25 13:00:00,-1927841
2020-01-25 14:00:00,-1934355
2020-01-25 15:00:00,-1941067
2020-01-25 16:00:00,-1949183
2020-01-25 17:00:00,-1960456
2020-01-25 18:00:00,-1978052
2020-01-25 19:00:00,-1995783
2020-01-25 20:00:00,-2001790
2020-01-25 21:00:00,-1998689
2020-01-25 22:00:00,-1992557
2020-01-25 23:00:00,-1987356
2020-01-26 00:00:00,-1984451
2020-01-26 01:00:00,-1983171
2020-01-26 02:00:00,-1982140
2020-01-26 03:00:00,-1981264
2020-01-26 04:00:00,-1980272
2020-01-26 05:00:00,-1978123
2020-01-26 06:00:00,-1972996
2020-01-26 07:00:00,-1973229
2020-01-26 08:00:00,-1978994
2020-01-26 09:00:00,-1987124
2020-01-26 10:00:00,-1994784
2020-01-26 11:00:00,-2001317
2020-01-26 12:00:00,-2008005
2020-01-26 13:00:00,-2014236
2020-01-26 14:00:00,-2020407
2020-01-26 15:00:00,-2026885
2020-01-26 16:00:00,-2034318
2020-01-26 17:00:00,-2043786
2020-01-26 18:00:00,-2057773
2020-01-26 19:00:00,-2070934
2020-01-26 20:00:00,-2072664
2020-01-26 21:00:00,-2067950
2020-01-26 22:00:00,-2062016
2020-01-26 23:00:00,-2057576
2020-01-27 00:00:00,-2054203
2020-01-27 01:00:00,-2052774
2020-01-27 02:00:00,-2051711
2020-01-27 03:00:00,-2050688
2020-01-27 04:00:00,-2049344
2020-01-27 05:00:00,-2045964
2020-01-27 06:00:00,-2039745
2020-01-27 07:00:00,-2042159
2020-01-27 08:00:00,-2053828
2020-01-27 09:00:00,-2067309
2020-01-27 10:00:00,-2080870
2020-01-27 11:00:00,-2091973
2020-01-27 12:00:00,-2100755
2020-01-27 13:00:00,-2106944
2020-01-27 14:00:00,-2112642
2020-01-27 15:00:00,-2119891
2020-01-27 16:00:00,-2129778
2020-01-27 17:00:00,-2143004
2020-01-27 18:00:00,-2160979
2020-01-27 19:00:00,-2176551
2020-01-27 20:00:00,-2178650
2020-01-27 21:00:00,-2172890
2020-01-27 22:00:00,-2166220
2020-01-27 23:00:00,-2161964
2020-01-28 00:00:00,-2159437
2020-01-28 01:00:00,-2158257
2020-01-28 02:00:00,-2157402
2020-01-28 03:00:00,-2156442
2020-01-28 04:00:00,-2155071
2020-01-28 05:00:00,-2151773
2020-01-28 06:00:00,-2146337
2020-01-28 07:00:00,-2149652
2020-01-28 08:00:00,-2162069
2020-01-28 09:00:00,-2176329
2020-01-28 10:00:00,-2190075
2020-01-28 11:00:00,-2201131
2020-01-28 12:00:00,-2205640
2020-01-28 13:00:00,-2213966
2020-01-28 14:00:00,-2220561
2020-01-28 15:00:00,-2229469
2020-01-28 16:00:00,-2241510
2020-01-28 17:00:00,-2256237
2020-01-28 18:00:00,-2275952
2020-01-28 19:00:00,-2292633
2020-01-28 20:00:00,-2295751
2020-01-28 21:00:00,-2290417
2020-01-28 22:00:00,-2282898
2020-01-28 23:00:00,-2278247
2020-01-29 00:00:00,-2275642
2020-01-29 01:00:00,-2274338
2020-01-29 02:00:00,-2273329
2020-01-29 03:00:00,-2272276
2020-01-29 04:00:00,-2270766
2020-01-29 05:00:00,-2267297
2020-01-29 06:00:00,-2261519
2020-01-29 07:00:00,-2264595
2020-01-29 08:00:00,-2274247
2020-01-29 09:00:00,-2286587
2020-01-29 10:00:00,-2297847
2020-01-29 11:00:00,-2306219
2020-01-29 12:00:00,-2313345
2020-01-29 13:00:00,-2318801
2020-01-29 14:00:00,-2324718
2020-01-29 15:00:00,-2331488
2020-01-29 16:00:00,-2340457
2020-01-29 17:00:00,-2353096
2020-01-29 18:00:00,-2369805
2020-01-29 19:00:00,-2371622
2020-01-29 20:00:00,-2374754
2020-01-29 21:00:00,-2368535
2020-01-29 22:00:00,-2361670
2020-01-29 23:00:00,-2356950
2020-01-30 00:00:00,-2354101
2020-01-30 01:00:00,-2352739
2020-01-30 02:00:00,-2351751
2020-01-30 03:00:00,-2350578
2020-01-30 04:00:00,-2349070
2020-01-30 05:00:00,-2345528
2020-01-30 06:00:00,-2339015
2020-01-30 07:00:00,-2342081
2020-01-30 08:00:00,-2350032
2020-01-30 09:00:00,-2359924
2020-01-30 10:00:00,-2370119
2020-01-30 11:00:00,-2379316
2020-01-30 12:00:00,-2386540
2020-01-30 13:00:00,-2393103
2020-01-30 14:00:00,-2398834
2020-01-30 15:00:00,-2406538
2020-01-30 16:00:00,-2416050
2020-01-30 17:00:00,-2428546
2020-01-30 18:00:00,-2446971
2020-01-30 19:00:00,-2462476
2020-01-30 20:00:00,-2465098
2020-01-30 21:00:00,-2459341
2020-01-30 22:00:00,-2452633
2020-01-30 23:00:00,-2447964
2020-01-31 00:00:00,-2444995
2020-01-31 01:00:00,-2443512
2020-01-31 02:00:00,-2442414
2020-01-31 03:00:00,-2441345
2020-01-31 04:00:00,-2439784
2020-01-31 05:00:00,-2436484
2020-01-31 06:00:00,-2430983
2020-01-31 07:00:00,-2435323
2020-01-31 08:00:00,-2446414
2020-01-31 09:00:00,-2460649
2020-01-31 10:00:00,-2472139
2020-01-31 11:00:00,-2482954
2020-01-31 12:00:00,-2491167
2020-01-31 13:00:00,-2497783
2020-01-31 14:00:00,-2505151
2020-01-31 15:00:00,-2514055
2020-01-31 16:00:00,-2525634
2020-01-31 17:00:00,-2540945
2020-01-31 18:00:00,-2561246
2020-01-31 19:00:00,-2577249
2020-01-31 20:00:00,-2581427
2020-01-31 21:00:00,-2576831
2020-01-31 22:00:00,-2570092
2020-01-31 23:00:00,-2565120
2020-02-01 00:00:00,-2562144
2020-02-01 01:00:00,-2560502
2020-02-01 02:00:00,-2559078
2020-02-01 03:00:00,-2558079
2020-02-01 04:00:00,-2556578
2020-02-01 05:00:00,-2553576
2020-02-01 06:00:00,-2547304
2020-02-01 07:00:00,-2548488
2020-02-01 08:00:00,-2557915
2020-02-01 09:00:00,-2569313
2020-02-01 10:00:00,-2580545
2020-02-01 11:00:00,-2590695
2020-02-01 12:00:00,-2599345
2020-02-01 13:00:00,-2605820
2020-02-01 14:00:00,-2612034
2020-02-01 15:00:00,-2619249
2020-02-01 16:00:00,-2627935
2020-02-01 17:00:00,-2639862
2020-02-01 18:00:00,-2657635
2020-02-01 19:00:00,-2674362
2020-02-01 20:00:00,-2679448
2020-02-01 21:00:00,-2676011
2020-02-01 22:00:00,-2669209
2020-02-01 23:00:00,-2663272
2020-02-02 00:00:00,-2659104
2020-02-02 01:00:00,-2656773
2020-02-02 02:00:00,-2655114
2020-02-02 03:00:00,-2653832
2020-02-02 04:00:00,-2652313
2020-02-02 05:00:00,-2649066
2020-02-02 06:00:00,-2640162
2020-02-02 07:00:00,-2634682
2020-02-02 08:00:00,-2640751
2020-02-02 09:00:00,-2649152
2020-02-02 10:00:00,-2657287
2020-02-02 11:00:00,-2662953
2020-02-02 12:00:00,-2668881
2020-02-02 13:00:00,-2673275
2020-02-02 14:00:00,-2678861
2020-02-02 15:00:00,-2685242
2020-02-02 16:00:00,-2692962
2020-02-02 17:00:00,-2694773
2020-02-02 18:00:00,-2691923
2020-02-02 19:00:00,-2685405
2020-02-02 20:00:00,-2673002
2020-02-02 21:00:00,-2657563
2020-02-02 22:00:00,-2642200
2020-02-02 23:00:00,-2634752
2020-02-03 00:00:00,-2630786
2020-02-03 01:00:00,-2628832
2020-02-03 02:00:00,-2627396
2020-02-03 03:00:00,-2626037
2020-02-03 04:00:00,-2624309
2020-02-03 05:00:00,-2619846
2020-02-03 06:00:00,-2606393
2020-02-03 07:00:00,-2585555
2020-02-03 08:00:00,-2563469
2020-02-03 09:00:00,-2541662
2020-02-03 10:00:00,-2521520
2020-02-03 11:00:00,-2666133
2020-02-03 12:00:00,-2689610
2020-02-03 13:00:00,-2714247
2020-02-03 14:00:00,-2733157
2020-02-03 15:00:00,-2742704
2020-02-03 16:00:00,-2755399
2020-02-03 17:00:00,-2769766
2020-02-03 18:00:00,-2787021
2020-02-03 19:00:00,-2802662
2020-02-03 20:00:00,-2805005
2020-02-03 21:00:00,-2800232
2020-02-03 22:00:00,-2794030
2020-02-03 23:00:00,-2790022
2020-02-04 00:00:00,-2787324
2020-02-04 01:00:00,-2786175
2020-02-04 02:00:00,-2785279
2020-02-04 03:00:00,-2784278
2020-02-04 04:00:00,-2782856
2020-02-04 05:00:00,-2779319
2020-02-04 06:00:00,-2773941
2020-02-04 07:00:00,-2779551
2020-02-04 08:00:00,-2793144
2020-02-04 09:00:00,-2809025
2020-02-04 10:00:00,-2823891
2020-02-04 11:00:00,-2836561
2020-02-04 12:00:00,-2847356
2020-02-04 13:00:00,-2855691
2020-02-04 14:00:00,-2863425
2020-02-04 15:00:00,-2872183
2020-02-04 16:00:00,-2884502
2020-02-04 17:00:00,-2899415
2020-02-04 18:00:00,-2920648
2020-02-04 19:00:00,-2939459
2020-02-04 20:00:00,-2945094
2020-02-04 21:00:00,-2940966
2020-02-04 22:00:00,-2934573
2020-02-04 23:00:00,-2929847
2020-02-05 00:00:00,-2926938
2020-02-05 01:00:00,-2925569
2020-02-05 02:00:00,-2924381
2020-02-05 03:00:00,-2923347
2020-02-05 04:00:00,-2921799
2020-02-05 05:00:00,-2918017
2020-02-05 06:00:00,-2911973
2020-02-05 07:00:00,-2916137
2020-02-05 08:00:00,-2927569
2020-02-05 09:00:00,-2940316
2020-02-05 10:00:00,-2952592
2020-02-05 11:00:00,-2963784
2020-02-05 12:00:00,-2973036
2020-02-05 13:00:00,-2980639
2020-02-05 14:00:00,-2988780
2020-02-05 15:00:00,-2997411
2020-02-05 16:00:00,-3009354
2020-02-05 17:00:00,-3024672
2020-02-05 18:00:00,-3042765
2020-02-05 19:00:00,-3061390
2020-02-05 20:00:00,-3066952
2020-02-05 21:00:00,-3062331
2020-02-05 22:00:00,-3055710
2020-02-05 23:00:00,-3050854
2020-02-06 00:00:00,-3048340
2020-02-06 01:00:00,-3046978
2020-02-06 02:00:00,-3045970
2020-02-06 03:00:00,-3044960
2020-02-06 04:00:00,-3043546
2020-02-06 05:00:00,-3040020
2020-02-06 06:00:00,-3033415
2020-02-06 07:00:00,-3036017
2020-02-06 08:00:00,-3044100
2020-02-06 09:00:00,-3053460
2020-02-06 10:00:00,-3064205
2020-02-06 11:00:00,-3074086
2020-02-06 12:00:00,-3082011
2020-02-06 13:00:00,-3089561
2020-02-06 14:00:00,-3096605
2020-02-06 15:00:00,-3104037
2020-02-06 16:00:00,-3113764
2020-02-06 17:00:00,-3126453
2020-02-06 18:00:00,-3144794
2020-02-06 19:00:00,-3159657
2020-02-06 20:00:00,-3161997
2020-02-06 21:00:00,-3155715
2020-02-06 22:00:00,-3148807
2020-02-06 23:00:00,-3144054
2020-02-07 00:00:00,-3141096
2020-02-07 01:00:00,-3139806
2020-02-07 02:00:00,-3138776
2020-02-07 03:00:00,-3137739
2020-02-07 04:00:00,-3136239
2020-02-07 05:00:00,-3132993
2020-02-07 06:00:00,-3126561
2020-02-07 07:00:00,-3129421
2020-02-07 08:00:00,-3140305
2020-02-07 09:00:00,-3152652
2020-02-07 10:00:00,-3164541
2020-02-07 11:00:00,-3173784
2020-02-07 12:00:00,-3180547
2020-02-07 13:00:00,-3186433
2020-02-07 14:00:00,-3193249
2020-02-07 15:00:00,-3200241
2020-02-07 16:00:00,-3210655
2020-02-07 17:00:00,-3223802
2020-02-07 18:00:00,-3242049
2020-02-07 19:00:00,-3257037
2020-02-07 20:00:00,-3259854
2020-02-07 21:00:00,-3254677
2020-02-07 22:00:00,-3247894
2020-02-07 23:00:00,-3242628
2020-02-08 00:00:00,-3239295
2020-02-08 01:00:00,-3237495
2020-02-08 02:00:00,-3236298
2020-02-08 03:00:00,-3235194
2020-02-08 04:00:00,-3233676
2020-02-08 05:00:00,-3230594
2020-02-08 06:00:00,-3224030
2020-02-08 07:00:00,-3224466
2020-02-08 08:00:00,-3233504
2020-02-08 09:00:00,-3245092
2020-02-08 10:00:00,-3255974
2020-02-08 11:00:00,-3264837
2020-02-08 12:00:00,-3272867
2020-02-08 13:00:00,-3279469
2020-02-08 14:00:00,-3285791
2020-02-08 15:00:00,-3292905
2020-02-08 16:00:00,-3302113
2020-02-08 17:00:00,-3315004
2020-02-08 18:00:00,-3334252
2020-02-08 19:00:00,-3353133
2020-02-08 20:00:00,-3361530
2020-02-08 21:00:00,-3361041
2020-02-08 22:00:00,-3356039
2020-02-08 23:00:00,-3350620
2020-02-09 00:00:00,-3347112
2020-02-09 01:00:00,-3345194
2020-02-09 02:00:00,-3343879
2020-02-09 03:00:00,-3342829
2020-02-09 04:00:00,-3341548
2020-02-09 05:00:00,-3338773
2020-02-09 06:00:00,-3332302
2020-02-09 07:00:00,-3329222
2020-02-09 08:00:00,-3329903
2020-02-09 09:00:00,-3330799
2020-02-09 10:00:00,-3329867
2020-02-09 11:00:00,-3327560
2020-02-09 12:00:00,-3323240
2020-02-09 13:00:00,-3318399
2020-02-09 14:00:00,-3312757
2020-02-09 15:00:00,-3307505
2020-02-09 16:00:00,-3304347
2020-02-09 17:00:00,-3304423
2020-02-09 18:00:00,-3315292
2020-02-09 19:00:00,-3325657
2020-02-09 20:00:00,-3325519
2020-02-09 21:00:00,-3319345
2020-02-09 22:00:00,-3311857
2020-02-09 23:00:00,-3306181
2020-02-10 00:00:00,-3302740
2020-02-10 01:00:00,-3301055
2020-02-10 02:00:00,-3299850
2020-02-10 03:00:00,-3298814
2020-02-10 04:00:00,-3297505
2020-02-10 05:00:00,-3294424
2020-02-10 06:00:00,-3287979
2020-02-10 07:00:00,-3291582
2020-02-10 08:00:00,-3304688
2020-02-10 09:00:00,-3321490
2020-02-10 10:00:00,-3337577
2020-02-10 11:00:00,-3350508
2020-02-10 12:00:00,-3361660
2020-02-10 13:00:00,-3370169
2020-02-10 14:00:00,-3376922
2020-02-10 15:00:00,-3384251
2020-02-10 16:00:00,-3393872
2020-02-10 17:00:00,-3407028
2020-02-10 18:00:00,-3425995
2020-02-10 19:00:00,-3444164
2020-02-10 20:00:00,-3448190
2020-02-10 21:00:00,-3443902
2020-02-10 22:00:00,-3437492
2020-02-10 23:00:00,-3432361
2020-02-11 00:00:00,-3429062
2020-02-11 01:00:00,-3427444
2020-02-11 02:00:00,-3426253
2020-02-11 03:00:00,-3425212
2020-02-11 04:00:00,-3423934
2020-02-11 05:00:00,-3421000
2020-02-11 06:00:00,-3414897
2020-02-11 07:00:00,-3416043
2020-02-11 08:00:00,-3424186
2020-02-11 09:00:00,-3435077
2020-02-11 10:00:00,-3444971
2020-02-11 11:00:00,-3452273
2020-02-11 12:00:00,-3457624
2020-02-11 13:00:00,-3461336
2020-02-11 14:00:00,-3462024
2020-02-11 15:00:00,-3461717
2020-02-11 16:00:00,-3463702
2020-02-11 17:00:00,-3470032
2020-02-11 18:00:00,-3487434
2020-02-11 19:00:00,-3501227
2020-02-11 20:00:00,-3503348
2020-02-11 21:00:00,-3497782
2020-02-11 22:00:00,-3490445
2020-02-11 23:00:00,-3485273
2020-02-12 00:00:00,-3481904
2020-02-12 01:00:00,-3480211
2020-02-12 02:00:00,-3479002
2020-02-12 03:00:00,-3477915
2020-02-12 04:00:00,-3476636
2020-02-12 05:00:00,-3473719
2020-02-12 06:00:00,-3468320
2020-02-12 07:00:00,-3471714
2020-02-12 08:00:00,-3483390
2020-02-12 09:00:00,-3497334
2020-02-12 10:00:00,-3511975
2020-02-12 11:00:00,-3523793
2020-02-12 12:00:00,-3534504
2020-02-12 13:00:00,-3542726
2020-02-12 14:00:00,-3550835
2020-02-12 15:00:00,-3559532
2020-02-12 16:00:00,-3571320
2020-02-12 17:00:00,-3585933
2020-02-12 18:00:00,-3605537
2020-02-12 19:00:00,-3623322
2020-02-12 20:00:00,-3627586
2020-02-12 21:00:00,-3622196
2020-02-12 22:00:00,-3615288
2020-02-12 23:00:00,-3610294
2020-02-13 00:00:00,-3607509
2020-02-13 01:00:00,-3606479
2020-02-13 02:00:00,-3605841
2020-02-13 03:00:00,-3604848
2020-02-13 04:00:00,-3603477
2020-02-13 05:00:00,-3600282
2020-02-13 06:00:00,-3594588
2020-02-13 07:00:00,-3597418
2020-02-13 08:00:00,-3606466
2020-02-13 09:00:00,-3617213
2020-02-13 10:00:00,-3628195
2020-02-13 11:00:00,-3638578
2020-02-13 12:00:00,-3646835
2020-02-13 13:00:00,-3653495
2020-02-13 14:00:00,-3660216
2020-02-13 15:00:00,-3668026
2020-02-13 16:00:00,-3679286
2020-02-13 17:00:00,-3693945
2020-02-13 18:00:00,-3714597
2020-02-13 19:00:00,-3735812
2020-02-13 20:00:00,-3742866
2020-02-13 21:00:00,-3737398
2020-02-13 22:00:00,-3729615
2020-02-13 23:00:00,-3723808
2020-02-14 00:00:00,-3720192
2020-02-14 01:00:00,-3718509
2020-02-14 02:00:00,-3717161
2020-02-14 03:00:00,-3715877
2020-02-14 04:00:00,-3713985
2020-02-14 05:00:00,-3709015
2020-02-14 06:00:00,-3700904
2020-02-14 07:00:00,-3707591
2020-02-14 08:00:00,-3719139
2020-02-14 09:00:00,-3732685
2020-02-14 10:00:00,-3745014
2020-02-14 11:00:00,-3754694
2020-02-14 12:00:00,-3763391
2020-02-14 13:00:00,-3770504
2020-02-14 14:00:00,-3777923
2020-02-14 15:00:00,-3786228
2020-02-14 16:00:00,-3797107
2020-02-14 17:00:00,-3811444
2020-02-14 18:00:00,-3831089
2020-02-14 19:00:00,-3848113
2020-02-14 20:00:00,-3852877
2020-02-14 21:00:00,-3848066
2020-02-14 22:00:00,-3840386
2020-02-14 23:00:00,-3833903
2020-02-15 00:00:00,-3829852
2020-02-15 01:00:00,-3827732
2020-02-15 02:00:00,-3826275
2020-02-15 03:00:00,-3824984
2020-02-15 04:00:00,-3823481
2020-02-15 05:00:00,-3820530
2020-02-15 06:00:00,-3813669
2020-02-15 07:00:00,-3814114
2020-02-15 08:00:00,-3821535
2020-02-15 09:00:00,-3831175
2020-02-15 10:00:00,-3841371
2020-02-15 11:00:00,-3849554
2020-02-15 12:00:00,-3856628
2020-02-15 13:00:00,-3861270
2020-02-15 14:00:00,-3865571
2020-02-15 15:00:00,-3869934
2020-02-15 16:00:00,-3875952
2020-02-15 17:00:00,-3884855
2020-02-15 18:00:00,-3900166
2020-02-15 19:00:00,-3915370
2020-02-15 20:00:00,-3919793
2020-02-15 21:00:00,-3915083
2020-02-15 22:00:00,-3907374
2020-02-15 23:00:00,-3901840
2020-02-16 00:00:00,-3897921
2020-02-16 01:00:00,-3896060
2020-02-16 02:00:00,-3894723
2020-02-16 03:00:00,-3893572
2020-02-16 04:00:00,-3892159
2020-02-16 05:00:00,-3889417
2020-02-16 06:00:00,-3882809
2020-02-16 07:00:00,-3881626
2020-02-16 08:00:00,-3885810
2020-02-16 09:00:00,-3892099
2020-02-16 10:00:00,-3898580
2020-02-16 11:00:00,-3904699
2020-02-16 12:00:00,-3910460
2020-02-16 13:00:00,-3915173
2020-02-16 14:00:00,-3919990
2020-02-16 15:00:00,-3924887
2020-02-16 16:00:00,-3930263
2020-02-16 17:00:00,-3939054
2020-02-16 18:00:00,-3952163
2020-02-16 19:00:00,-3965072
2020-02-16 20:00:00,-3967091
2020-02-16 21:00:00,-3960821
2020-02-16 22:00:00,-3953305
2020-02-16 23:00:00,-3947718
2020-02-17 00:00:00,-3944565
2020-02-17 01:00:00,-3943112
2020-02-17 02:00:00,-3942046
2020-02-17 03:00:00,-3941024
2020-02-17 04:00:00,-3939670
2020-02-17 05:00:00,-3936614
2020-02-17 06:00:00,-3931224
2020-02-17 07:00:00,-3934137
2020-02-17 08:00:00,-3945295
2020-02-17 09:00:00,-3958592
2020-02-17 10:00:00,-3971823
2020-02-17 11:00:00,-3981645
2020-02-17 12:00:00,-3988686
2020-02-17 13:00:00,-3995120
2020-02-17 14:00:00,-4001067
2020-02-17 15:00:00,-4008112
2020-02-17 16:00:00,-4017799
2020-02-17 17:00:00,-4030970
2020-02-17 18:00:00,-4048148
2020-02-17 19:00:00,-4062308
2020-02-17 20:00:00,-4062872
2020-02-17 21:00:00,-4056723
2020-02-17 22:00:00,-4049447
2020-02-17 23:00:00,-4044882
2020-02-18 00:00:00,-4042206
2020-02-18 01:00:00,-4040958
2020-02-18 02:00:00,-4039974
2020-02-18 03:00:00,-4038900
2020-02-18 04:00:00,-4037558
2020-02-18 05:00:00,-4034189
2020-02-18 06:00:00,-4029173
2020-02-18 07:00:00,-4033304
2020-02-18 08:00:00,-4043803
2020-02-18 09:00:00,-4056179
2020-02-18 10:00:00,-4067932
2020-02-18 11:00:00,-4077660
2020-02-18 12:00:00,-4083117
2020-02-18 13:00:00,-4086730
2020-02-18 14:00:00,-4092581
2020-02-18 15:00:00,-4100279
2020-02-18 16:00:00,-4110628
2020-02-18 17:00:00,-4123650
2020-02-18 18:00:00,-4141578
2020-02-18 19:00:00,-4158087
2020-02-18 20:00:00,-4161361
2020-02-18 21:00:00,-4155594
2020-02-18 22:00:00,-4148982
2020-02-18 23:00:00,-4143365
2020-02-19 00:00:00,-4140444
2020-02-19 01:00:00,-4139043
2020-02-19 02:00:00,-4138043
2020-02-19 03:00:00,-4137049
2020-02-19 04:00:00,-4135578
2020-02-19 05:00:00,-4132197
2020-02-19 06:00:00,-4126481
2020-02-19 07:00:00,-4130269
2020-02-19 08:00:00,-4140428
2020-02-19 09:00:00,-4151646
2020-02-19 10:00:00,-4162792
2020-02-19 11:00:00,-4171442
2020-02-19 12:00:00,-4178109
2020-02-19 13:00:00,-4183348
2020-02-19 14:00:00,-4188650
2020-02-19 15:00:00,-4194666
2020-02-19 16:00:00,-4203523
2020-02-19 17:00:00,-4215697
2020-02-19 18:00:00,-4233621
2020-02-19 19:00:00,-4251538
2020-02-19 20:00:00,-4255288
2020-02-19 21:00:00,-4250432
2020-02-19 22:00:00,-4243703
2020-02-19 23:00:00,-4238767
2020-02-20 00:00:00,-4235946
2020-02-20 01:00:00,-4234422
2020-02-20 02:00:00,-4233289
2020-02-20 03:00:00,-4232178
2020-02-20 04:00:00,-4230718
2020-02-20 05:00:00,-4227166
2020-02-20 06:00:00,-4221444
2020-02-20 07:00:00,-4224572
2020-02-20 08:00:00,-4233632
2020-02-20 09:00:00,-4244595
2020-02-20 10:00:00,-4255483
2020-02-20 11:00:00,-4264943
2020-02-20 12:00:00,-4272968
2020-02-20 13:00:00,-4279742
2020-02-20 14:00:00,-4285291
2020-02-20 15:00:00,-4293167
2020-02-20 16:00:00,-4303587
2020-02-20 17:00:00,-4317175
2020-02-20 18:00:00,-4336198
2020-02-20 19:00:00,-4354942
2020-02-20 20:00:00,-4360025
2020-02-20 21:00:00,-4355683
2020-02-20 22:00:00,-4348728
2020-02-20 23:00:00,-4343916
2020-02-21 00:00:00,-4340684
2020-02-21 01:00:00,-4338997
2020-02-21 02:00:00,-4337770
2020-02-21 03:00:00,-4336666
2020-02-21 04:00:00,-4335419
2020-02-21 05:00:00,-4332304
2020-02-21 06:00:00,-4326977
2020-02-21 07:00:00,-4330212
2020-02-21 08:00:00,-4340931
2020-02-21 09:00:00,-4353896
2020-02-21 10:00:00,-4365865
2020-02-21 11:00:00,-4376071
2020-02-21 12:00:00,-4383204
2020-02-21 13:00:00,-4388252
2020-02-21 14:00:00,-4393398
2020-02-21 15:00:00,-4400010
2020-02-21 16:00:00,-4408622
2020-02-21 17:00:00,-4419836
2020-02-21 18:00:00,-4434952
2020-02-21 19:00:00,-4448615
2020-02-21 20:00:00,-4449484
2020-02-21 21:00:00,-4442141
2020-02-21 22:00:00,-4433473
2020-02-21 23:00:00,-4427168
2020-02-22 00:00:00,-4423068
2020-02-22 01:00:00,-4420959
2020-02-22 02:00:00,-4419545
2020-02-22 03:00:00,-4418220
2020-02-22 04:00:00,-4416506
2020-02-22 05:00:00,-4412994
2020-02-22 06:00:00,-4405126
2020-02-22 07:00:00,-4403667
2020-02-22 08:00:00,-4410510
2020-02-22 09:00:00,-4419413
2020-02-22 10:00:00,-4427491
2020-02-22 11:00:00,-4433601
2020-02-22 12:00:00,-4438083
2020-02-22 13:00:00,-4440666
2020-02-22 14:00:00,-4443238
2020-02-22 15:00:00,-4446050
2020-02-22 16:00:00,-4450966
2020-02-22 17:00:00,-4458565
2020-02-22 18:00:00,-4471216
2020-02-22 19:00:00,-4481975
2020-02-22 20:00:00,-4481711
2020-02-22 21:00:00,-4474336
2020-02-22 22:00:00,-4465145
2020-02-22 23:00:00,-4457977
2020-02-23 00:00:00,-4453575
2020-02-23 01:00:00,-4451274
2020-02-23 02:00:00,-4449698
2020-02-23 03:00:00,-4448405
2020-02-23 04:00:00,-4446783
2020-02-23 05:00:00,-4443747
2020-02-23 06:00:00,-4435545
2020-02-23 07:00:00,-4431910
2020-02-23 08:00:00,-4433702
2020-02-23 09:00:00,-4438065
2020-02-23 10:00:00,-4441828
2020-02-23 11:00:00,-4445534
2020-02-23 12:00:00,-4448270
2020-02-23 13:00:00,-4449209
2020-02-23 14:00:00,-4449500
2020-02-23 15:00:00,-4451439
2020-02-23 16:00:00,-4454229
2020-02-23 17:00:00,-4458708
2020-02-23 18:00:00,-4468719
2020-02-23 19:00:00,-4477389
2020-02-23 20:00:00,-4475161
2020-02-23 21:00:00,-4466488
2020-02-23 22:00:00,-4457133
2020-02-23 23:00:00,-4451239
2020-02-24 00:00:00,-4447628
2020-02-24 01:00:00,-4445891
2020-02-24 02:00:00,-4444748
2020-02-24 03:00:00,-4443648
2020-02-24 04:00:00,-4442147
2020-02-24 05:00:00,-4438739
2020-02-24 06:00:00,-4432020
2020-02-24 07:00:00,-4433764
2020-02-24 08:00:00,-4442722
2020-02-24 09:00:00,-4453658
2020-02-24 10:00:00,-4463557
2020-02-24 11:00:00,-4470679
2020-02-24 12:00:00,-4475662
2020-02-24 13:00:00,-4478848
2020-02-24 14:00:00,-4481971
2020-02-24 15:00:00,-4486034
2020-02-24 16:00:00,-4493292
2020-02-24 17:00:00,-4502179
2020-02-24 18:00:00,-4516370
2020-02-24 19:00:00,-4527865
2020-02-24 20:00:00,-4526710
2020-02-24 21:00:00,-4518262
2020-02-24 22:00:00,-4509151
2020-02-24 23:00:00,-4503822
2020-02-25 00:00:00,-4500944
2020-02-25 01:00:00,-4499532
2020-02-25 02:00:00,-4498430
2020-02-25 03:00:00,-4497413
2020-02-25 04:00:00,-4495934
2020-02-25 05:00:00,-4492230
2020-02-25 06:00:00,-4485142
2020-02-25 07:00:00,-4488516
2020-02-25 08:00:00,-4497964
2020-02-25 09:00:00,-4510564
2020-02-25 10:00:00,-4522085
2020-02-25 11:00:00,-4531249
2020-02-25 12:00:00,-4538802
2020-02-25 13:00:00,-4545025
2020-02-25 14:00:00,-4550894
2020-02-25 15:00:00,-4558363
2020-02-25 16:00:00,-4568781
2020-02-25 17:00:00,-4581839
2020-02-25 18:00:00,-4596325
2020-02-25 19:00:00,-4609892
2020-02-25 20:00:00,-4611436
2020-02-25 21:00:00,-4604362
2020-02-25 22:00:00,-4596536
2020-02-25 23:00:00,-4590704
2020-02-26 00:00:00,-4587734
2020-02-26 01:00:00,-4586271
2020-02-26 02:00:00,-4585175
2020-02-26 03:00:00,-4584187
2020-02-26 04:00:00,-4582777
2020-02-26 05:00:00,-4578929
2020-02-26 06:00:00,-4572281
2020-02-26 07:00:00,-4575113
2020-02-26 08:00:00,-4584653
2020-02-26 09:00:00,-4596251
2020-02-26 10:00:00,-4607655
2020-02-26 11:00:00,-4617210
2020-02-26 12:00:00,-4625571
2020-02-26 13:00:00,-4632935
2020-02-26 14:00:00,-4639564
2020-02-26 15:00:00,-4648233
2020-02-26 16:00:00,-4659424
2020-02-26 17:00:00,-4673024
2020-02-26 18:00:00,-4691712
2020-02-26 19:00:00,-4706880
2020-02-26 20:00:00,-4708857
2020-02-26 21:00:00,-4702320
2020-02-26 22:00:00,-4695634
2020-02-26 23:00:00,-4690789
2020-02-27 00:00:00,-4688162
2020-02-27 01:00:00,-4687076
2020-02-27 02:00:00,-4686170
2020-02-27 03:00:00,-4685298
2020-02-27 04:00:00,-4683937
2020-02-27 05:00:00,-4680727
2020-02-27 06:00:00,-4675384
2020-02-27 07:00:00,-4678567
2020-02-27 08:00:00,-4686962
2020-02-27 09:00:00,-4696969
2020-02-27 10:00:00,-4707586
2020-02-27 11:00:00,-4716991
2020-02-27 12:00:00,-4724578
2020-02-27 13:00:00,-4730776
2020-02-27 14:00:00,-4737037
2020-02-27 15:00:00,-4745002
2020-02-27 16:00:00,-4755746
2020-02-27 17:00:00,-4768771
2020-02-27 18:00:00,-4786746
2020-02-27 19:00:00,-4801568
2020-02-27 20:00:00,-4805316
2020-02-27 21:00:00,-4800989
2020-02-27 22:00:00,-4793834
2020-02-27 23:00:00,-4789194
2020-02-28 00:00:00,-4786280
2020-02-28 01:00:00,-4785069
2020-02-28 02:00:00,-4784105
2020-02-28 03:00:00,-4783443
2020-02-28 04:00:00,-4782236
2020-02-28 05:00:00,-4779287
2020-02-28 06:00:00,-4773649
2020-02-28 07:00:00,-4776456
2020-02-28 08:00:00,-4785396
2020-02-28 09:00:00,-4795734
2020-02-28 10:00:00,-4806217
2020-02-28 11:00:00,-4814918
2020-02-28 12:00:00,-4821212
2020-02-28 13:00:00,-4825451
2020-02-28 14:00:00,-4819578
2020-02-28 15:00:00,-4832954
2020-02-28 16:00:00,-4843930
2020-02-28 17:00:00,-4855867
2020-02-28 18:00:00,-4870142
2020-02-28 19:00:00,-4878120
2020-02-28 20:00:00,-4879771
2020-02-28 21:00:00,-4882117
2020-02-28 22:00:00,-4876539
2020-02-28 23:00:00,-4870916
2020-02-29 00:00:00,-4867440
2020-02-29 01:00:00,-4867015
2020-02-29 02:00:00,-4865740
2020-02-29 03:00:00,-4864751
2020-02-29 04:00:00,-4863516
2020-02-29 05:00:00,-4860558
2020-02-29 06:00:00,-4854275
2020-02-29 07:00:00,-4856241
2020-02-29 08:00:00,-4865794
2020-02-29 09:00:00,-4877466
2020-02-29 10:00:00,-4888282
2020-02-29 11:00:00,-4897044
2020-02-29 12:00:00,-4905044
2020-02-29 13:00:00,-4910255
2020-02-29 14:00:00,-4916243
2020-02-29 15:00:00,-4923229
2020-02-29 16:00:00,-4932199
2020-02-29 17:00:00,-4943850
2020-02-29 18:00:00,-4958695
2020-02-29 19:00:00,-4968623
2020-02-29 20:00:00,-4970558
2020-02-29 21:00:00,-4969907
2020-02-29 22:00:00,-4969633
2020-02-29 23:00:00,-4965783
2020-03-01 00:00:00,-4962041
2020-03-01 01:00:00,-4960354
2020-03-01 02:00:00,-4959221
2020-03-01 03:00:00,-4958444
2020-03-01 04:00:00,-4957421
2020-03-01 05:00:00,-4954596
2020-03-01 06:00:00,-4948487
2020-03-01 07:00:00,-4949026
2020-03-01 08:00:00,-4954672
2020-03-01 09:00:00,-4962175
2020-03-01 10:00:00,-4969682
2020-03-01 11:00:00,-4977617
2020-03-01 12:00:00,-4984332
2020-03-01 13:00:00,-4991427
2020-03-01 14:00:00,-4997753
2020-03-01 15:00:00,-5004089
2020-03-01 16:00:00,-5012430
2020-03-01 17:00:00,-5022692
2020-03-01 18:00:00,-5038256
2020-03-01 19:00:00,-5051935
2020-03-01 20:00:00,-5053449
2020-03-01 21:00:00,-5048307
2020-03-01 22:00:00,-5041312
2020-03-01 23:00:00,-5035920
2020-03-02 00:00:00,-5033216
2020-03-02 01:00:00,-5034020
2020-03-02 02:00:00,-5034296
2020-03-02 03:00:00,-5034778
2020-03-02 04:00:00,-5033807
2020-03-02 05:00:00,-5030652
2020-03-02 06:00:00,-5025524
2020-03-02 07:00:00,-5030502
2020-03-02 08:00:00,-5042912
2020-03-02 09:00:00,-5058607
2020-03-02 10:00:00,-5073354
2020-03-02 11:00:00,-5084952
2020-03-02 12:00:00,-5093942
2020-03-02 13:00:00,-5101552
2020-03-02 14:00:00,-5109009
2020-03-02 15:00:00,-5117475
2020-03-02 16:00:00,-5128769
2020-03-02 17:00:00,-5143195
2020-03-02 18:00:00,-5162178
2020-03-02 19:00:00,-5179203
2020-03-02 20:00:00,-5183021
2020-03-02 21:00:00,-5178543
2020-03-02 22:00:00,-5171399
2020-03-02 23:00:00,-5166572
2020-03-03 00:00:00,-5163720
2020-03-03 01:00:00,-5162429
2020-03-03 02:00:00,-5161553
2020-03-03 03:00:00,-5160524
2020-03-03 04:00:00,-5159167
2020-03-03 05:00:00,-5155961
2020-03-03 06:00:00,-5150660
2020-03-03 07:00:00,-5156813
2020-03-03 08:00:00,-5169425
2020-03-03 09:00:00,-5183282
2020-03-03 10:00:00,-5196772
2020-03-03 11:00:00,-5207492
2020-03-03 12:00:00,-5215075
2020-03-03 13:00:00,-5221627
2020-03-03 14:00:00,-5228491
2020-03-03 15:00:00,-5236982
2020-03-03 16:00:00,-5245985
2020-03-03 17:00:00,-5261258
2020-03-03 18:00:00,-5280991
2020-03-03 19:00:00,-5297193
2020-03-03 20:00:00,-5301375
2020-03-03 21:00:00,-5297340
2020-03-03 22:00:00,-5290991
2020-03-03 23:00:00,-5286425
2020-03-04 00:00:00,-5283847
2020-03-04 01:00:00,-5282477
2020-03-04 02:00:00,-5281580
2020-03-04 03:00:00,-5280618
2020-03-04 04:00:00,-5279447
2020-03-04 05:00:00,-5276455
2020-03-04 06:00:00,-5271911
2020-03-04 07:00:00,-5277528
2020-03-04 08:00:00,-5289276
2020-03-04 09:00:00,-5303025
2020-03-04 10:00:00,-5316658
2020-03-04 11:00:00,-5327189
2020-03-04 12:00:00,-5336427
2020-03-04 13:00:00,-5344444
2020-03-04 14:00:00,-5352280
2020-03-04 15:00:00,-5362025
2020-03-04 16:00:00,-5372414
2020-03-04 17:00:00,-5386163
2020-03-04 18:00:00,-5405997
2020-03-04 19:00:00,-5425124
2020-03-04 20:00:00,-5430893
2020-03-04 21:00:00,-5426727
2020-03-04 22:00:00,-5420034
2020-03-04 23:00:00,-5415267
2020-03-05 00:00:00,-5412559
2020-03-05 01:00:00,-5411237
2020-03-05 02:00:00,-5410207
2020-03-05 03:00:00,-5409235
2020-03-05 04:00:00,-5407933
2020-03-05 05:00:00,-5404833
2020-03-05 06:00:00,-5400128
2020-03-05 07:00:00,-5404829
2020-03-05 08:00:00,-5414846
2020-03-05 09:00:00,-5425882
2020-03-05 10:00:00,-5437387
2020-03-05 11:00:00,-5447345
2020-03-05 12:00:00,-5455558
2020-03-05 13:00:00,-5462149
2020-03-05 14:00:00,-5468418
2020-03-05 15:00:00,-5476119
2020-03-05 16:00:00,-5486322
2020-03-05 17:00:00,-5499786
2020-03-05 18:00:00,-5518427
2020-03-05 19:00:00,-5538649
2020-03-05 20:00:00,-5545212
2020-03-05 21:00:00,-5541621
2020-03-05 22:00:00,-5534694
2020-03-05 23:00:00,-5529273
2020-03-06 00:00:00,-5526073
2020-03-06 01:00:00,-5524606
2020-03-06 02:00:00,-5523565
2020-03-06 03:00:00,-5522461
2020-03-06 04:00:00,-5521144
2020-03-06 05:00:00,-5517903
2020-03-06 06:00:00,-5512291
2020-03-06 07:00:00,-5516848
2020-03-06 08:00:00,-5527455
2020-03-06 09:00:00,-5539506
2020-03-06 10:00:00,-5551012
2020-03-06 11:00:00,-5560311
2020-03-06 12:00:00,-5567799
2020-03-06 13:00:00,-5574549
2020-03-06 14:00:00,-5581630
2020-03-06 15:00:00,-5589765
2020-03-06 16:00:00,-5599484
2020-03-06 17:00:00,-5612473
2020-03-06 18:00:00,-5630907
2020-03-06 19:00:00,-5648004
2020-03-06 20:00:00,-5653476
2020-03-06 21:00:00,-5649794
2020-03-06 22:00:00,-5642822
2020-03-06 23:00:00,-5637555
2020-03-07 00:00:00,-5634042
2020-03-07 01:00:00,-5632399
2020-03-07 02:00:00,-5631185
2020-03-07 03:00:00,-5630208
2020-03-07 04:00:00,-5628880
2020-03-07 05:00:00,-5625746
2020-03-07 06:00:00,-5619382
2020-03-07 07:00:00,-5620987
2020-03-07 08:00:00,-5630258
2020-03-07 09:00:00,-5640751
2020-03-07 10:00:00,-5651632
2020-03-07 11:00:00,-5661273
2020-03-07 12:00:00,-5668823
2020-03-07 13:00:00,-5676791
2020-03-07 14:00:00,-5683574
2020-03-07 15:00:00,-5692086
2020-03-07 16:00:00,-5702361
2020-03-07 17:00:00,-5715339
2020-03-07 18:00:00,-5734259
2020-03-07 19:00:00,-5752719
2020-03-07 20:00:00,-5758876
2020-03-07 21:00:00,-5756217
2020-03-07 22:00:00,-5749903
2020-03-07 23:00:00,-5744122
2020-03-08 00:00:00,-5740369
2020-03-08 01:00:00,-5738335
2020-03-08 02:00:00,-5736933
2020-03-08 03:00:00,-5735811
2020-03-08 04:00:00,-5734432
2020-03-08 05:00:00,-5731234
2020-03-08 06:00:00,-5724150
2020-03-08 07:00:00,-5724022
2020-03-08 08:00:00,-5729667
2020-03-08 09:00:00,-5739100
2020-03-08 10:00:00,-5747607
2020-03-08 11:00:00,-5754986
2020-03-08 12:00:00,-5761835
2020-03-08 13:00:00,-5767236
2020-03-08 14:00:00,-5772369
2020-03-08 15:00:00,-5777577
2020-03-08 16:00:00,-5783543
2020-03-08 17:00:00,-5791775
2020-03-08 18:00:00,-5802429
2020-03-08 19:00:00,-5811433
2020-03-08 20:00:00,-5811415
2020-03-08 21:00:00,-5805205
2020-03-08 22:00:00,-5797767
2020-03-08 23:00:00,-5791242
2020-03-09 00:00:00,-5786978
2020-03-09 01:00:00,-5784705
2020-03-09 02:00:00,-5783064
2020-03-09 03:00:00,-5781828
2020-03-09 04:00:00,-5780639
2020-03-09 05:00:00,-5777851
2020-03-09 06:00:00,-5772392
2020-03-09 07:00:00,-5775772
2020-03-09 08:00:00,-5786385
2020-03-09 09:00:00,-5798416
2020-03-09 10:00:00,-5809756
2020-03-09 11:00:00,-5819094
2020-03-09 12:00:00,-5826307
2020-03-09 13:00:00,-5831670
2020-03-09 14:00:00,-5836646
2020-03-09 15:00:00,-5841596
2020-03-09 16:00:00,-5849416
2020-03-09 17:00:00,-5860439
2020-03-09 18:00:00,-5876750
2020-03-09 19:00:00,-5889314
2020-03-09 20:00:00,-5891793
2020-03-09 21:00:00,-5887652
2020-03-09 22:00:00,-5881788
2020-03-09 23:00:00,-5877491
2020-03-10 00:00:00,-5875033
2020-03-10 01:00:00,-5873947
2020-03-10 02:00:00,-5873070
2020-03-10 03:00:00,-5872156
2020-03-10 04:00:00,-5871002
2020-03-10 05:00:00,-5868170
2020-03-10 06:00:00,-5862956
2020-03-10 07:00:00,-5868280
2020-03-10 08:00:00,-5880025
2020-03-10 09:00:00,-5892798
2020-03-10 10:00:00,-5904840
2020-03-10 11:00:00,-5914041
2020-03-10 12:00:00,-5921501
2020-03-10 13:00:00,-5926937
2020-03-10 14:00:00,-5932747
2020-03-10 15:00:00,-5939805
2020-03-10 16:00:00,-5948310
2020-03-10 17:00:00,-5958709
2020-03-10 18:00:00,-5976711
2020-03-10 19:00:00,-5992935
2020-03-10 20:00:00,-5995120
2020-03-10 21:00:00,-5989838
2020-03-10 22:00:00,-5982318
2020-03-10 23:00:00,-5977458
2020-03-11 00:00:00,-5974753
2020-03-11 01:00:00,-5973385
2020-03-11 02:00:00,-5972390
2020-03-11 03:00:00,-5971490
2020-03-11 04:00:00,-5970050
2020-03-11 05:00:00,-5966758
2020-03-11 06:00:00,-5961561
2020-03-11 07:00:00,-5966185
2020-03-11 08:00:00,-5976030
2020-03-11 09:00:00,-5987877
2020-03-11 10:00:00,-5999330
2020-03-11 11:00:00,-6008070
2020-03-11 12:00:00,-6015130
2020-03-11 13:00:00,-6021034
2020-03-11 14:00:00,-6026343
2020-03-11 15:00:00,-6033717
2020-03-11 16:00:00,-6044031
2020-03-11 17:00:00,-6057264
2020-03-11 18:00:00,-6074699
2020-03-11 19:00:00,-6089539
2020-03-11 20:00:00,-6092429
2020-03-11 21:00:00,-6086059
2020-03-11 22:00:00,-6079197
2020-03-11 23:00:00,-6073565
2020-03-12 00:00:00,-6070255
2020-03-12 01:00:00,-6068799
2020-03-12 02:00:00,-6067752
2020-03-12 03:00:00,-6066851
2020-03-12 04:00:00,-6065499
2020-03-12 05:00:00,-6062075
2020-03-12 06:00:00,-6056987
2020-03-12 07:00:00,-6059666
2020-03-12 08:00:00,-6067264
2020-03-12 09:00:00,-6075992
2020-03-12 10:00:00,-6085666
2020-03-12 11:00:00,-6094246
2020-03-12 12:00:00,-6097046
2020-03-12 13:00:00,-6138212
2020-03-12 14:00:00,-6161679
2020-03-12 15:00:00,-6162967
2020-03-12 16:00:00,-6172824
2020-03-12 17:00:00,-6185705
2020-03-12 18:00:00,-6202544
2020-03-12 19:00:00,-6215100
2020-03-12 20:00:00,-6216564
2020-03-12 21:00:00,-6212329
2020-03-12 22:00:00,-6211240
2020-03-12 23:00:00,-6210498
2020-03-13 00:00:00,-6209948
2020-03-13 01:00:00,-6209607
2020-03-13 02:00:00,-6209258
2020-03-13 03:00:00,-6208979
2020-03-13 04:00:00,-6208128
2020-03-13 05:00:00,-6202226
2020-03-13 06:00:00,-6190194
2020-03-13 07:00:00,-6191302
2020-03-13 08:00:00,-6197216
2020-03-13 09:00:00,-6207071
2020-03-13 10:00:00,-6215505
2020-03-13 11:00:00,-6225065
2020-03-13 12:00:00,-6231647
2020-03-13 13:00:00,-6237413
2020-03-13 14:00:00,-6243379
2020-03-13 15:00:00,-6249677
2020-03-13 16:00:00,-6258376
2020-03-13 17:00:00,-6268990
2020-03-13 18:00:00,-6284358
2020-03-13 19:00:00,-6298008
2020-03-13 20:00:00,-6301682
2020-03-13 21:00:00,-6297638
2020-03-13 22:00:00,-6290329
2020-03-13 23:00:00,-6285301
2020-03-14 00:00:00,-6282180
2020-03-14 01:00:00,-6280766
2020-03-14 02:00:00,-6279752
2020-03-14 03:00:00,-6278713
2020-03-14 04:00:00,-6277421
2020-03-14 05:00:00,-6274226
2020-03-14 06:00:00,-6268175
2020-03-14 07:00:00,-6270772
2020-03-14 08:00:00,-6280034
2020-03-14 09:00:00,-6291455
2020-03-14 10:00:00,-6302392
2020-03-14 11:00:00,-6311097
2020-03-14 12:00:00,-6317343
2020-03-14 13:00:00,-6323746
2020-03-14 14:00:00,-6330366
2020-03-14 15:00:00,-6337916
2020-03-14 16:00:00,-6347447
2020-03-14 17:00:00,-6359608
2020-03-14 18:00:00,-6377722
2020-03-14 19:00:00,-6394927
2020-03-14 20:00:00,-6400505
2020-03-14 21:00:00,-6397820
2020-03-14 22:00:00,-6391588
2020-03-14 23:00:00,-6386226
2020-03-15 00:00:00,-6382708
2020-03-15 01:00:00,-6380871
2020-03-15 02:00:00,-6379562
2020-03-15 03:00:00,-6378521
2020-03-15 04:00:00,-6377197
2020-03-15 05:00:00,-6374138
2020-03-15 06:00:00,-6368368
2020-03-15 07:00:00,-6368993
2020-03-15 08:00:00,-6374845
2020-03-15 09:00:00,-6382919
2020-03-15 10:00:00,-6390432
2020-03-15 11:00:00,-6397036
2020-03-15 12:00:00,-6403106
2020-03-15 13:00:00,-6407520
2020-03-15 14:00:00,-6412435
2020-03-15 15:00:00,-6418136
2020-03-15 16:00:00,-6425331
2020-03-15 17:00:00,-6434012
2020-03-15 18:00:00,-6447523
2020-03-15 19:00:00,-6460858
2020-03-15 20:00:00,-6463067
2020-03-15 21:00:00,-6457713
2020-03-15 22:00:00,-6450579
2020-03-15 23:00:00,-6445328
2020-03-16 00:00:00,-6442398
2020-03-16 01:00:00,-6440894
2020-03-16 02:00:00,-6439855
2020-03-16 03:00:00,-6438774
2020-03-16 04:00:00,-6437447
2020-03-16 05:00:00,-6434282
2020-03-16 06:00:00,-6429141
2020-03-16 07:00:00,-6434977
2020-03-16 08:00:00,-6447795
2020-03-16 09:00:00,-6462336
2020-03-16 10:00:00,-6475387
2020-03-16 11:00:00,-6486280
2020-03-16 12:00:00,-6494750
2020-03-16 13:00:00,-6501553
2020-03-16 14:00:00,-6507647
2020-03-16 15:00:00,-6514890
2020-03-16 16:00:00,-6525600
2020-03-16 17:00:00,-6538420
2020-03-16 18:00:00,-6555353
2020-03-16 19:00:00,-6569257
2020-03-16 20:00:00,-6570740
2020-03-16 21:00:00,-6564003
2020-03-16 22:00:00,-6556513
2020-03-16 23:00:00,-6551554
2020-03-17 00:00:00,-6548716
2020-03-17 01:00:00,-6547469
2020-03-17 02:00:00,-6546489
2020-03-17 03:00:00,-6545556
2020-03-17 04:00:00,-6544171
2020-03-17 05:00:00,-6540632
2020-03-17 06:00:00,-6535557
2020-03-17 07:00:00,-6540734
2020-03-17 08:00:00,-6546248
2020-03-17 09:00:00,-6555821
2020-03-17 10:00:00,-6563401
2020-03-17 11:00:00,-6568690
2020-03-17 12:00:00,-6571260
2020-03-17 13:00:00,-6573519
2020-03-17 14:00:00,-6575049
2020-03-17 15:00:00,-6577418
2020-03-17 16:00:00,-6582018
2020-03-17 17:00:00,-6589735
2020-03-17 18:00:00,-6601423
2020-03-17 19:00:00,-6607225
2020-03-17 20:00:00,-6601454
2020-03-17 21:00:00,-6588844
2020-03-17 22:00:00,-6578472
2020-03-17 23:00:00,-6571702
2020-03-18 00:00:00,-6567765
2020-03-18 01:00:00,-6565824
2020-03-18 02:00:00,-6564423
2020-03-18 03:00:00,-6563169
2020-03-18 04:00:00,-6561348
2020-03-18 05:00:00,-6556295
2020-03-18 06:00:00,-6543787
2020-03-18 07:00:00,-6534955
2020-03-18 08:00:00,-6542336
2020-03-18 09:00:00,-6539877
2020-03-18 10:00:00,-6549266
2020-03-18 11:00:00,-6556150
2020-03-18 12:00:00,-6560263
2020-03-18 13:00:00,-6562624
2020-03-18 14:00:00,-6564884
2020-03-18 15:00:00,-6567269
2020-03-18 16:00:00,-6573530
2020-03-18 17:00:00,-6581201
2020-03-18 18:00:00,-6592314
2020-03-18 19:00:00,-6595229
2020-03-18 20:00:00,-6586958
2020-03-18 21:00:00,-6571229
2020-03-18 22:00:00,-6559496
2020-03-18 23:00:00,-6553503
2020-03-19 00:00:00,-6550141
2020-03-19 01:00:00,-6548388
2020-03-19 02:00:00,-6547029
2020-03-19 03:00:00,-6545836
2020-03-19 04:00:00,-6544181
2020-03-19 05:00:00,-6539951
2020-03-19 06:00:00,-6530189
2020-03-19 07:00:00,-6528489
2020-03-19 08:00:00,-6532979
2020-03-19 09:00:00,-6539835
2020-03-19 10:00:00,-6547031
2020-03-19 11:00:00,-6552691
2020-03-19 12:00:00,-6557247
2020-03-19 13:00:00,-6560160
2020-03-19 14:00:00,-6562009
2020-03-19 15:00:00,-6572094
2020-03-19 16:00:00,-6584362
2020-03-19 17:00:00,-6590975
2020-03-19 18:00:00,-6601103
2020-03-19 19:00:00,-6604478
2020-03-19 20:00:00,-6596367
2020-03-19 21:00:00,-6581602
2020-03-19 22:00:00,-6569587
2020-03-19 23:00:00,-6563416
2020-03-20 00:00:00,-6559903
2020-03-20 01:00:00,-6558024
2020-03-20 02:00:00,-6556518
2020-03-20 03:00:00,-6555236
2020-03-20 04:00:00,-6553450
2020-03-20 05:00:00,-6549671
2020-03-20 06:00:00,-6540946
2020-03-20 07:00:00,-6539830
2020-03-20 08:00:00,-6546359
2020-03-20 09:00:00,-6555420
2020-03-20 10:00:00,-6561008
2020-03-20 11:00:00,-6563839
2020-03-20 12:00:00,-6565856
2020-03-20 13:00:00,-6569229
2020-03-20 14:00:00,-6574147
2020-03-20 15:00:00,-6579329
2020-03-20 16:00:00,-6586962
2020-03-20 17:00:00,-6597957
2020-03-20 18:00:00,-6612655
2020-03-20 19:00:00,-6614194
2020-03-20 20:00:00,-6605393
2020-03-20 21:00:00,-6592047
2020-03-20 22:00:00,-6582090
2020-03-20 23:00:00,-6575914
2020-03-21 00:00:00,-6572051
2020-03-21 01:00:00,-6570069
2020-03-21 02:00:00,-6568583
2020-03-21 03:00:00,-6567230
2020-03-21 04:00:00,-6565459
2020-03-21 05:00:00,-6561637
2020-03-21 06:00:00,-6553647
2020-03-21 07:00:00,-6554842
2020-03-21 08:00:00,-6563679
2020-03-21 09:00:00,-6575063
2020-03-21 10:00:00,-6584623
2020-03-21 11:00:00,-6592605
2020-03-21 12:00:00,-6599120
2020-03-21 13:00:00,-6603987
2020-03-21 14:00:00,-6608085
2020-03-21 15:00:00,-6613307
2020-03-21 16:00:00,-6621338
2020-03-21 17:00:00,-6634334
2020-03-21 18:00:00,-6653646
2020-03-21 19:00:00,-6667103
2020-03-21 20:00:00,-6663953
2020-03-21 21:00:00,-6653678
2020-03-21 22:00:00,-6638854
2020-03-21 23:00:00,-6629451
2020-03-22 00:00:00,-6623400
2020-03-22 01:00:00,-6620253
2020-03-22 02:00:00,-6617985
2020-03-22 03:00:00,-6615889
2020-03-22 04:00:00,-6614063
2020-03-22 05:00:00,-6611025
2020-03-22 06:00:00,-6603956
2020-03-22 07:00:00,-6599872
2020-03-22 08:00:00,-6600149
2020-03-22 09:00:00,-6604750
2020-03-22 10:00:00,-6612749
2020-03-22 11:00:00,-6621094
2020-03-22 12:00:00,-6628539
2020-03-22 13:00:00,-6634135
2020-03-22 14:00:00,-6638593
2020-03-22 15:00:00,-6642895
2020-03-22 16:00:00,-6649214
2020-03-22 17:00:00,-6659093
2020-03-22 18:00:00,-6674323
2020-03-22 19:00:00,-6683481
2020-03-22 20:00:00,-6678624
2020-03-22 21:00:00,-6666753
2020-03-22 22:00:00,-6656041
2020-03-22 23:00:00,-6649584
2020-03-23 00:00:00,-6645685
2020-03-23 01:00:00,-6643932
2020-03-23 02:00:00,-6642621
2020-03-23 03:00:00,-6641405
2020-03-23 04:00:00,-6639797
2020-03-23 05:00:00,-6636465
2020-03-23 06:00:00,-6629577
2020-03-23 07:00:00,-6633534
2020-03-23 08:00:00,-6645433
2020-03-23 09:00:00,-6659464
2020-03-23 10:00:00,-6671818
2020-03-23 11:00:00,-6682471
2020-03-23 12:00:00,-6690179
2020-03-23 13:00:00,-6696209
2020-03-23 14:00:00,-6701129
2020-03-23 15:00:00,-6707181
2020-03-23 16:00:00,-6717207
2020-03-23 17:00:00,-6730399
2020-03-23 18:00:00,-6748763
2020-03-23 19:00:00,-6756383
2020-03-23 20:00:00,-6749548
2020-03-23 21:00:00,-6737080
2020-03-23 22:00:00,-6727765
2020-03-23 23:00:00,-6722705
2020-03-24 00:00:00,-6719609
2020-03-24 01:00:00,-6718068
2020-03-24 02:00:00,-6716893
2020-03-24 03:00:00,-6715762
2020-03-24 04:00:00,-6714276
2020-03-24 05:00:00,-6710475
2020-03-24 06:00:00,-6703246
2020-03-24 07:00:00,-6702711
2020-03-24 08:00:00,-6708426
2020-03-24 09:00:00,-6719428
2020-03-24 10:00:00,-6733703
2020-03-24 11:00:00,-6745264
2020-03-24 12:00:00,-6752255
2020-03-24 13:00:00,-6759705
2020-03-24 14:00:00,-6767272
2020-03-24 15:00:00,-6777191
2020-03-24 16:00:00,-6792090
2020-03-24 17:00:00,-6810390
2020-03-24 18:00:00,-6835015
2020-03-24 19:00:00,-6848044
2020-03-24 20:00:00,-6842231
2020-03-24 21:00:00,-6829454
2020-03-24 22:00:00,-6819927
2020-03-24 23:00:00,-6814723
2020-03-25 00:00:00,-6811588
2020-03-25 01:00:00,-6809812
2020-03-25 02:00:00,-6808550
2020-03-25 03:00:00,-6807274
2020-03-25 04:00:00,-6805596
2020-03-25 05:00:00,-6801853
2020-03-25 06:00:00,-6795777
2020-03-25 07:00:00,-6800780
2020-03-25 08:00:00,-6814247
2020-03-25 09:00:00,-6830579
2020-03-25 10:00:00,-6847161
2020-03-25 11:00:00,-6861686
2020-03-25 12:00:00,-6873122
2020-03-25 13:00:00,-6882366
2020-03-25 14:00:00,-6891963
2020-03-25 15:00:00,-6902370
2020-03-25 16:00:00,-6914799
2020-03-25 17:00:00,-6931352
2020-03-25 18:00:00,-6956416
2020-03-25 19:00:00,-6969230
2020-03-25 20:00:00,-6960220
2020-03-25 21:00:00,-6946751
2020-03-25 22:00:00,-6936088
2020-03-25 23:00:00,-6930392
2020-03-26 00:00:00,-6927019
2020-03-26 01:00:00,-6925281
2020-03-26 02:00:00,-6923862
2020-03-26 03:00:00,-6922588
2020-03-26 04:00:00,-6921021
2020-03-26 05:00:00,-6917301
2020-03-26 06:00:00,-6911264
2020-03-26 07:00:00,-6915904
2020-03-26 08:00:00,-6926957
2020-03-26 09:00:00,-6939413
2020-03-26 10:00:00,-6953000
2020-03-26 11:00:00,-6966327
2020-03-26 12:00:00,-6977222
2020-03-26 13:00:00,-6986895
2020-03-26 14:00:00,-6995900
2020-03-26 15:00:00,-7006794
2020-03-26 16:00:00,-7020586
2020-03-26 17:00:00,-7039808
2020-03-26 18:00:00,-7065189
2020-03-26 19:00:00,-7078720
2020-03-26 20:00:00,-7071641
2020-03-26 21:00:00,-7057388
2020-03-26 22:00:00,-7047130
2020-03-26 23:00:00,-7041351
2020-03-27 00:00:00,-7037689
2020-03-27 01:00:00,-7035984
2020-03-27 02:00:00,-7034636
2020-03-27 03:00:00,-7033371
2020-03-27 04:00:00,-7031828
2020-03-27 05:00:00,-7028215
2020-03-27 06:00:00,-7022712
2020-03-27 07:00:00,-7028378
2020-03-27 08:00:00,-7041659
2020-03-27 09:00:00,-7056840
2020-03-27 10:00:00,-7072584
2020-03-27 11:00:00,-7085571
2020-03-27 12:00:00,-7095156
2020-03-27 13:00:00,-7103918
2020-03-27 14:00:00,-7112312
2020-03-27 15:00:00,-7121720
2020-03-27 16:00:00,-7134233
2020-03-27 17:00:00,-7151326
2020-03-27 18:00:00,-7175690
2020-03-27 19:00:00,-7188128
2020-03-27 20:00:00,-7182387
2020-03-27 21:00:00,-7168242
2020-03-27 22:00:00,-7157473
2020-03-27 23:00:00,-7151314
2020-03-28 00:00:00,-7147420
2020-03-28 01:00:00,-7145725
2020-03-28 02:00:00,-7144456
2020-03-28 03:00:00,-7143270
2020-03-28 04:00:00,-7141639
2020-03-28 05:00:00,-7138063
2020-03-28 06:00:00,-7132371
2020-03-28 07:00:00,-7138350
2020-03-28 08:00:00,-7150724
2020-03-28 09:00:00,-7165116
2020-03-28 10:00:00,-7178725
2020-03-28 11:00:00,-7190088
2020-03-28 12:00:00,-7199806
2020-03-28 13:00:00,-7207729
2020-03-28 14:00:00,-7215620
2020-03-28 15:00:00,-7224837
2020-03-28 16:00:00,-7238013
2020-03-28 17:00:00,-7254392
2020-03-28 18:00:00,-7276777
2020-03-28 19:00:00,-7282504
2020-03-28 20:00:00,-7274239
2020-03-28 21:00:00,-7260991
2020-03-28 22:00:00,-7250743
2020-03-28 23:00:00,-7245352
2020-03-29 00:00:00,-7242167
2020-03-29 01:00:00,-7240541
2020-03-29 02:00:00,-7239359
2020-03-29 03:00:00,-7238230
2020-03-29 04:00:00,-7246733
2020-03-29 05:00:00,-7243519
2020-03-29 06:00:00,-7238099
2020-03-29 07:00:00,-7242765
2020-03-29 08:00:00,-7252861
2020-03-29 09:00:00,-7260485
2020-03-29 10:00:00,-7268473
2020-03-29 11:00:00,-7278894
2020-03-29 12:00:00,-7288909
2020-03-29 13:00:00,-7298006
2020-03-29 14:00:00,-7307494
2020-03-29 15:00:00,-7316528
2020-03-29 16:00:00,-7328040
2020-03-29 17:00:00,-7342796
2020-03-29 18:00:00,-7362440
2020-03-29 19:00:00,-7368566
2020-03-29 20:00:00,-7359683
2020-03-29 21:00:00,-7346289
2020-03-29 22:00:00,-7336511
2020-03-29 23:00:00,-7331423
2020-03-30 00:00:00,-7328129
2020-03-30 01:00:00,-7326470
2020-03-30 02:00:00,-7325191
2020-03-30 03:00:00,-7324127
2020-03-30 04:00:00,-7322710
2020-03-30 05:00:00,-7319548
2020-03-30 06:00:00,-7314991
2020-03-30 07:00:00,-7321392
2020-03-30 08:00:00,-7335783
2020-03-30 09:00:00,-7352410
2020-03-30 10:00:00,-7368082
2020-03-30 11:00:00,-7380987
2020-03-30 12:00:00,-7389578
2020-03-30 13:00:00,-7398115
2020-03-30 14:00:00,-7405920
2020-03-30 15:00:00,-7414470
2020-03-30 16:00:00,-7426929
2020-03-30 17:00:00,-7443905
2020-03-30 18:00:00,-7464760
2020-03-30 19:00:00,-7470408
2020-03-30 20:00:00,-7461548
2020-03-30 21:00:00,-7448950
2020-03-30 22:00:00,-7439697
2020-03-30 23:00:00,-7434858
2020-03-31 00:00:00,-7432337
2020-03-31 01:00:00,-7431059
2020-03-31 02:00:00,-7430175
2020-03-31 03:00:00,-7429202
2020-03-31 04:00:00,-7427999
2020-03-31 05:00:00,-7424620
2020-03-31 06:00:00,-7419365
2020-03-31 07:00:00,-7426354
2020-03-31 08:00:00,-7437440
2020-03-31 09:00:00,-7454143
2020-03-31 10:00:00,-7469051
2020-03-31 11:00:00,-7477193
2020-03-31 12:00:00,-7490132
2020-03-31 13:00:00,-7498705
2020-03-31 14:00:00,-7506182
2020-03-31 15:00:00,-7509995
2020-03-31 16:00:00,-7512846
2020-03-31 17:00:00,-7518718
2020-03-31 18:00:00,-7525175
2020-03-31 19:00:00,-7520759
2020-03-31 20:00:00,-7506821
2020-03-31 21:00:00,-7491173
2020-03-31 22:00:00,-7480848
2020-03-31 23:00:00,-7475554
